#Test Grids,#Train Grids,Fold,MC Error,Loss,#LS,MA Error,Group smECE
10,10,0,0.01842090602508473,0.03122724556172656,2,0.009647540046700738,0.017032545149800928
20,10,0,,,,,
30,10,0,,,,,
50,10,0,,,,,
75,10,0,,,,,
100,10,0,,,,,
10,20,0,0.01842090602508473,0.03122724556172656,2,0.009647540046700738,0.017032545149800928
20,20,0,0.006257842288790585,0.030422184289818174,4,0.0021706270725334272,0.0058298086039038815
30,20,0,,,,,
50,20,0,,,,,
75,20,0,,,,,
100,20,0,,,,,
10,30,0,0.01842090602508473,0.03122724556172656,2,0.009647540046700738,0.017032545149800928
20,30,0,0.006509451889048766,0.03043307264444155,4,0.002826501757281023,0.006076685071265107
30,30,0,0.003181315797983755,0.03030609540312782,5,0.002235334459709326,0.003124647095490853
50,30,0,,,,,
75,30,0,,,,,
100,30,0,,,,,
10,50,0,0.01842090602508473,0.03122724556172656,2,0.009647540046700738,0.017032545149800928
20,50,0,0.0063288731341392904,0.03043512576725336,4,0.0026660900313163266,0.005901271696564998
30,50,0,0.004390569114436849,0.030348659480570497,5,0.0028959517380865254,0.004210572287078835
50,50,0,0.0025118440772890094,0.030217467478288292,7,0.002288906156999139,0.002370636822070751
75,50,0,,,,,
100,50,0,,,,,
10,75,0,0.018211439472017817,0.031219298815810148,2,0.007778549933387571,0.016847658477875616
20,75,0,0.006545487596256383,0.030428788701638915,4,0.0027541221743347002,0.006121303486924316
30,75,0,0.005237688387024815,0.03037581993407931,5,0.0030291285698322698,0.004833344201366275
50,75,0,0.003885303995048912,0.030291587244906253,8,0.002804458502265718,0.003524355175518064
75,75,0,0.0025533579804123165,0.030232348266960665,11,0.0021811608332364817,0.002306435317469573
100,75,0,,,,,
10,100,0,0.017985467892680185,0.03119378086055078,2,0.004916376668072235,0.016593344627063935
20,100,0,0.0060497284755087226,0.030405451939230284,4,0.003678307592856379,0.005802640071851745
30,100,0,0.0052793031453043475,0.03025496984358182,5,0.003862248186288115,0.005122130269215284
50,100,0,0.0028399611179362335,0.03018535301953308,8,0.0018410804500765383,0.0027260029972619817
75,100,0,0.003050007187930979,0.03016213600261087,11,0.0017662907490848595,0.0026015142108669047
100,100,0,0.0021867654983157036,0.030150778711535528,14,0.001865234459421167,0.001993216720621672
10,10,1,0.01842090602508473,0.03122724556172656,2,0.009647540046700738,0.017032545149800928
20,10,1,,,,,
30,10,1,,,,,
50,10,1,,,,,
75,10,1,,,,,
100,10,1,,,,,
10,20,1,0.01842090602508473,0.03122724556172656,2,0.009647540046700738,0.017032545149800928
20,20,1,0.006257842288790585,0.030422184289818174,4,0.0021706270725334272,0.0058298086039038815
30,20,1,,,,,
50,20,1,,,,,
75,20,1,,,,,
100,20,1,,,,,
10,30,1,0.01842090602508473,0.03122724556172656,2,0.009647540046700738,0.017032545149800928
20,30,1,0.006509451889048766,0.03043307264444155,4,0.002826501757281023,0.006076685071265107
30,30,1,0.003181315797983755,0.03030609540312782,5,0.002235334459709326,0.003124647095490853
50,30,1,,,,,
75,30,1,,,,,
100,30,1,,,,,
10,50,1,0.01842090602508473,0.03122724556172656,2,0.009647540046700738,0.017032545149800928
20,50,1,0.0063288731341392904,0.03043512576725336,4,0.0026660900313163266,0.005901271696564998
30,50,1,0.004390569114436849,0.030348659480570497,5,0.0028959517380865254,0.004210572287078835
50,50,1,0.0025118440772890094,0.030217467478288292,7,0.002288906156999139,0.002370636822070751
75,50,1,,,,,
100,50,1,,,,,
10,75,1,0.01842090602508473,0.03122724556172656,2,0.009647540046700738,0.017032545149800928
20,75,1,0.006245355459993651,0.03043276207459712,4,0.0023376624208247005,0.0058223006837516906
30,75,1,0.0041558167330545195,0.030334850328621474,5,0.0030426719764504815,0.00404824838637674
50,75,1,0.002421426629795321,0.030247444448093536,8,0.002375132512468418,0.002383909758359953
75,75,1,0.002514315829040595,0.03021986604868513,11,0.002476042097902498,0.002475848657113615
100,75,1,,,,,
10,100,1,0.017835561912097064,0.031137250745361382,2,0.008099077223351908,0.016472392064685093
20,100,1,0.005321778374157158,0.030306800388670316,4,0.0029921723592198097,0.005154824814458056
30,100,1,0.006900245606316986,0.03026556337030304,5,0.006042736651820146,0.006456019214810245
50,100,1,0.005344020137733294,0.030223481775387084,8,0.004039854115418641,0.004845032722689653
75,100,1,0.005818317921705067,0.030188094091904084,11,0.003060403273342124,0.005239008576264896
100,100,1,0.005406297395919891,0.03018319919364878,14,0.0034657649575399797,0.005071229350021304
10,10,2,0.01842090602508473,0.03122724556172656,2,0.009647540046700738,0.017032545149800928
20,10,2,,,,,
30,10,2,,,,,
50,10,2,,,,,
75,10,2,,,,,
100,10,2,,,,,
10,20,2,0.01842090602508473,0.03122724556172656,2,0.009647540046700738,0.017032545149800928
20,20,2,0.006257842288790585,0.030422184289818174,4,0.0021706270725334272,0.0058298086039038815
30,20,2,,,,,
50,20,2,,,,,
75,20,2,,,,,
100,20,2,,,,,
10,30,2,0.01842090602508473,0.03122724556172656,2,0.009647540046700738,0.017032545149800928
20,30,2,0.006509451889048766,0.03043307264444155,4,0.002826501757281023,0.006076685071265107
30,30,2,0.003181315797983755,0.03030609540312782,5,0.002235334459709326,0.003124647095490853
50,30,2,,,,,
75,30,2,,,,,
100,30,2,,,,,
10,50,2,0.01842090602508473,0.03122724556172656,2,0.009647540046700738,0.017032545149800928
20,50,2,0.0063288731341392904,0.03043512576725336,4,0.0026660900313163266,0.005901271696564998
30,50,2,0.004390569114436849,0.030348659480570497,5,0.0028959517380865254,0.004210572287078835
50,50,2,0.0025118440772890094,0.030217467478288292,7,0.002288906156999139,0.002370636822070751
75,50,2,,,,,
100,50,2,,,,,
10,75,2,0.01842090602508473,0.03122724556172656,2,0.009647540046700738,0.017032545149800928
20,75,2,0.006245355459993651,0.03043276207459712,4,0.0023376624208247005,0.0058223006837516906
30,75,2,0.0041558167330545195,0.030334850328621474,5,0.0030426719764504815,0.00404824838637674
50,75,2,0.002421426629795321,0.030247444448093536,8,0.002375132512468418,0.002383909758359953
75,75,2,0.002514315829040595,0.03021986604868513,11,0.002476042097902498,0.002475848657113615
100,75,2,,,,,
10,100,2,0.017976054744817626,0.031138288112676826,2,0.007956871453860686,0.016579702871897986
20,100,2,0.005181221506417453,0.030377705565293307,4,0.0037438314265305413,0.005033256427048728
30,100,2,0.0036746015661047026,0.03027131264780126,5,0.0027003247536012505,0.0036421593950890503
50,100,2,0.003038231147850164,0.03019944430977789,8,0.002816196121334835,0.002866302899009777
75,100,2,0.0027490554034190215,0.030211850401087773,11,0.0026621022504787427,0.002683113134701413
100,100,2,0.0027851951675332207,0.03018427837583194,14,0.002554131203272446,0.0025982644004534598
10,10,3,0.01842090602508473,0.03122724556172656,2,0.009647540046700738,0.017032545149800928
20,10,3,,,,,
30,10,3,,,,,
50,10,3,,,,,
75,10,3,,,,,
100,10,3,,,,,
10,20,3,0.01842090602508473,0.03122724556172656,2,0.009647540046700738,0.017032545149800928
20,20,3,0.006257842288790585,0.030422184289818174,4,0.0021706270725334272,0.0058298086039038815
30,20,3,,,,,
50,20,3,,,,,
75,20,3,,,,,
100,20,3,,,,,
10,30,3,0.01842090602508473,0.03122724556172656,2,0.009647540046700738,0.017032545149800928
20,30,3,0.006509451889048766,0.03043307264444155,4,0.002826501757281023,0.006076685071265107
30,30,3,0.003181315797983755,0.03030609540312782,5,0.002235334459709326,0.003124647095490853
50,30,3,,,,,
75,30,3,,,,,
100,30,3,,,,,
10,50,3,0.01842090602508473,0.03122724556172656,2,0.009647540046700738,0.017032545149800928
20,50,3,0.0063288731341392904,0.03043512576725336,4,0.0026660900313163266,0.005901271696564998
30,50,3,0.004390569114436849,0.030348659480570497,5,0.0028959517380865254,0.004210572287078835
50,50,3,0.0025118440772890094,0.030217467478288292,7,0.002288906156999139,0.002370636822070751
75,50,3,,,,,
100,50,3,,,,,
10,75,3,0.01842090602508473,0.03122724556172656,2,0.009647540046700738,0.017032545149800928
20,75,3,0.006245355459993651,0.03043276207459712,4,0.0023376624208247005,0.0058223006837516906
30,75,3,0.004289866041941428,0.030297130500401823,5,0.0037009679853718383,0.004247000520499267
50,75,3,0.003588616942833956,0.030264508884292406,8,0.0024220829887448836,0.0032707186997973543
75,75,3,0.0028700047481965874,0.030206149918274396,11,0.002870004748196691,0.0028697805290757382
100,75,3,,,,,
10,100,3,0.01842090602508473,0.03122724556172656,2,0.009647540046700738,0.017032545149800928
20,100,3,0.006257842288790585,0.030422184289818174,4,0.0021706270725334272,0.0058298086039038815
30,100,3,0.003206201407425841,0.03030096513081783,5,0.0028846015308852083,0.0032017103308823246
50,100,3,0.0033873884950202993,0.03023555826777925,8,0.0032308612934241507,0.003297928852286994
75,100,3,0.003092023765957025,0.0302333987828001,11,0.002520283892855321,0.002738623556667323
100,100,3,0.0033250888245763763,0.030204278465480964,14,0.002246707079167454,0.0028406935748146217
10,10,4,0.01842090602508473,0.03122724556172656,2,0.009647540046700738,0.017032545149800928
20,10,4,,,,,
30,10,4,,,,,
50,10,4,,,,,
75,10,4,,,,,
100,10,4,,,,,
10,20,4,0.01842090602508473,0.03122724556172656,2,0.009647540046700738,0.017032545149800928
20,20,4,0.006257842288790585,0.030422184289818174,4,0.0021706270725334272,0.0058298086039038815
30,20,4,,,,,
50,20,4,,,,,
75,20,4,,,,,
100,20,4,,,,,
10,30,4,0.01842090602508473,0.03122724556172656,2,0.009647540046700738,0.017032545149800928
20,30,4,0.006509451889048766,0.03043307264444155,4,0.002826501757281023,0.006076685071265107
30,30,4,0.003181315797983755,0.03030609540312782,5,0.002235334459709326,0.003124647095490853
50,30,4,,,,,
75,30,4,,,,,
100,30,4,,,,,
10,50,4,0.01842090602508473,0.03122724556172656,2,0.009647540046700738,0.017032545149800928
20,50,4,0.0063288731341392904,0.03043512576725336,4,0.0026660900313163266,0.005901271696564998
30,50,4,0.004390569114436849,0.030348659480570497,5,0.0028959517380865254,0.004210572287078835
50,50,4,0.0025118440772890094,0.030217467478288292,7,0.002288906156999139,0.002370636822070751
75,50,4,,,,,
100,50,4,,,,,
10,75,4,0.01940653304479097,0.031325808263697005,2,0.009859912188777792,0.017691353558419134
20,75,4,0.007376402006729398,0.03048204342558234,4,0.007099146381172934,0.007333092320052169
30,75,4,0.0070438041155941366,0.030367704562611626,5,0.006077371592976772,0.006715519885461989
50,75,4,0.0048672858212699364,0.030272766071983207,8,0.004645249193879148,0.004649332905339456
75,75,4,0.002891158716879292,0.03021165471006827,11,0.002753294521708033,0.002794206404549363
100,75,4,,,,,
10,100,4,0.018877283608859152,0.03127288332010386,2,0.007512388374954492,0.017258317762095517
20,100,4,0.006421579833579351,0.03044500316900683,4,0.004866741523604427,0.006146544682806505
30,100,4,0.0052554180830411065,0.0303161777169436,5,0.003689385651224946,0.005089333416400703
50,100,4,0.003038231147850164,0.0302263633512633,8,0.002816196121334835,0.0028981097302940755
75,100,4,0.0027490554034190215,0.030227268838456136,11,0.0026621022504787427,0.002683113134701413
100,100,4,0.0027851951675332207,0.030199681007222996,14,0.002554131203272446,0.0025982644004534598
10,10,5,0.01842090602508473,0.03122724556172656,2,0.009647540046700738,0.017032545149800928
20,10,5,,,,,
30,10,5,,,,,
50,10,5,,,,,
75,10,5,,,,,
100,10,5,,,,,
10,20,5,0.01842090602508473,0.03122724556172656,2,0.009647540046700738,0.017032545149800928
20,20,5,0.006257842288790585,0.030422184289818174,4,0.0021706270725334272,0.0058298086039038815
30,20,5,,,,,
50,20,5,,,,,
75,20,5,,,,,
100,20,5,,,,,
10,30,5,0.01842090602508473,0.03122724556172656,2,0.009647540046700738,0.017032545149800928
20,30,5,0.006509451889048766,0.03043307264444155,4,0.002826501757281023,0.006076685071265107
30,30,5,0.003181315797983755,0.03030609540312782,5,0.002235334459709326,0.003124647095490853
50,30,5,,,,,
75,30,5,,,,,
100,30,5,,,,,
10,50,5,0.01842090602508473,0.03122724556172656,2,0.009647540046700738,0.017032545149800928
20,50,5,0.0063288731341392904,0.03043512576725336,4,0.0026660900313163266,0.005901271696564998
30,50,5,0.004390569114436849,0.030348659480570497,5,0.0028959517380865254,0.004210572287078835
50,50,5,0.0025118440772890094,0.030217467478288292,7,0.002288906156999139,0.002370636822070751
75,50,5,,,,,
100,50,5,,,,,
10,75,5,0.01842090602508473,0.03122724556172656,2,0.009647540046700738,0.017032545149800928
20,75,5,0.006245355459993651,0.03043276207459712,4,0.0023376624208247005,0.0058223006837516906
30,75,5,0.0042582647598322695,0.0302892093684932,5,0.0036693667032626776,0.0042154217728450774
50,75,5,0.004234077132102497,0.030276622260855778,8,0.00229637103939402,0.00403632804778323
75,75,5,0.002971573894331417,0.030214225502649985,11,0.002857364235353027,0.002857141003772141
100,75,5,,,,,
10,100,5,0.017976054744817626,0.031138288112676826,2,0.007956871453860686,0.016579702871897986
20,100,5,0.005181221506417453,0.030377705565293307,4,0.0037438314265305413,0.005033256427048728
30,100,5,0.0036746015661047026,0.03027131264780126,5,0.0027003247536012505,0.0036421593950890503
50,100,5,0.003038231147850164,0.03019944430977789,8,0.002816196121334835,0.002866302899009777
75,100,5,0.0027490554034190215,0.030211850401087773,11,0.0026621022504787427,0.002683113134701413
100,100,5,0.0027851951675332207,0.03018427837583194,14,0.002554131203272446,0.0025982644004534598
10,10,6,0.01842090602508473,0.03122724556172656,2,0.009647540046700738,0.017032545149800928
20,10,6,,,,,
30,10,6,,,,,
50,10,6,,,,,
75,10,6,,,,,
100,10,6,,,,,
10,20,6,0.01842090602508473,0.03122724556172656,2,0.009647540046700738,0.017032545149800928
20,20,6,0.006257842288790585,0.030422184289818174,4,0.0021706270725334272,0.0058298086039038815
30,20,6,,,,,
50,20,6,,,,,
75,20,6,,,,,
100,20,6,,,,,
10,30,6,0.01842090602508473,0.03122724556172656,2,0.009647540046700738,0.017032545149800928
20,30,6,0.006509451889048766,0.03043307264444155,4,0.002826501757281023,0.006076685071265107
30,30,6,0.003181315797983755,0.03030609540312782,5,0.002235334459709326,0.003124647095490853
50,30,6,,,,,
75,30,6,,,,,
100,30,6,,,,,
10,50,6,0.01842090602508473,0.03122724556172656,2,0.009647540046700738,0.017032545149800928
20,50,6,0.0063288731341392904,0.030357359238294,4,0.0024742251042249985,0.005901271696564998
30,50,6,0.002867272053740472,0.03024497077529135,5,0.0026401318352980876,0.0028540023994554674
50,50,6,0.0022898058490227,0.030155254255120802,7,0.0021354142153260764,0.002281191231472511
75,50,6,,,,,
100,50,6,,,,,
10,75,6,0.017577308678567726,0.0310957176317322,2,0.010069642886301659,0.01649360423683024
20,75,6,0.004775303517987586,0.03036699810959994,4,0.002526141496261476,0.0046804988516486465
30,75,6,0.0041868897262531115,0.03030946898140365,5,0.003121963339311002,0.004040681722950691
50,75,6,0.00349420371012505,0.030240682221967307,8,0.0031544675151947074,0.003186350580622126
75,75,6,0.003705194296656967,0.030215099452595727,11,0.002267556881507358,0.0028941769553693644
100,75,6,,,,,
10,100,6,0.018877283608859152,0.03127288332010386,2,0.007512388374954492,0.017258317762095517
20,100,6,0.006421579833579351,0.03044500316900683,4,0.004866741523604427,0.006146544682806505
30,100,6,0.006682934763363206,0.03034989215469532,5,0.005123481929797773,0.0063899205579280895
50,100,6,0.0038218901152662316,0.030222466692258424,8,0.0036425856572442324,0.00371311064020662
75,100,6,0.0030577202060263577,0.03023271283967152,11,0.0027942417149090537,0.002919981143707299
100,100,6,0.003058238089246135,0.030204831343839084,14,0.0028709500651716412,0.002918954605661949
10,10,7,0.01842090602508473,0.03122724556172656,2,0.009647540046700738,0.017032545149800928
20,10,7,,,,,
30,10,7,,,,,
50,10,7,,,,,
75,10,7,,,,,
100,10,7,,,,,
10,20,7,0.01842090602508473,0.03122724556172656,2,0.009647540046700738,0.017032545149800928
20,20,7,0.006257842288790585,0.030422184289818174,4,0.0021706270725334272,0.0058298086039038815
30,20,7,,,,,
50,20,7,,,,,
75,20,7,,,,,
100,20,7,,,,,
10,30,7,0.01842090602508473,0.03122724556172656,2,0.009647540046700738,0.017032545149800928
20,30,7,0.006509451889048766,0.03043307264444155,4,0.002826501757281023,0.006076685071265107
30,30,7,0.003181315797983755,0.03030609540312782,5,0.002235334459709326,0.003124647095490853
50,30,7,,,,,
75,30,7,,,,,
100,30,7,,,,,
10,50,7,0.01842090602508473,0.03122724556172656,2,0.009647540046700738,0.017032545149800928
20,50,7,0.0063288731341392904,0.03043512576725336,4,0.0026660900313163266,0.005901271696564998
30,50,7,0.004390569114436849,0.030348659480570497,5,0.0028959517380865254,0.004210572287078835
50,50,7,0.0025118440772890094,0.030217467478288292,7,0.002288906156999139,0.002370636822070751
75,50,7,,,,,
100,50,7,,,,,
10,75,7,0.01842090602508473,0.03122724556172656,2,0.009647540046700738,0.017032545149800928
20,75,7,0.006245355459993651,0.03043276207459712,4,0.0023376624208247005,0.0058223006837516906
30,75,7,0.0041558167330545195,0.030334850328621474,5,0.0030426719764504815,0.00404824838637674
50,75,7,0.0030393325501850365,0.0302698062453132,8,0.002987294491611571,0.0029913100653209904
75,75,7,0.0025466535138736835,0.030220849968104313,11,0.002303051492800384,0.002333275001471779
100,75,7,,,,,
10,100,7,0.018877283608859152,0.03127288332010386,2,0.007512388374954492,0.017258317762095517
20,100,7,0.006421579833579351,0.03044500316900683,4,0.004866741523604427,0.006146544682806505
30,100,7,0.0052554180830411065,0.0303161777169436,5,0.003689385651224946,0.005089333416400703
50,100,7,0.003038231147850164,0.0302263633512633,8,0.002816196121334835,0.0028981097302940755
75,100,7,0.0027490554034190215,0.030227268838456136,11,0.0026621022504787427,0.002683113134701413
100,100,7,0.0027851951675332207,0.030199681007222996,14,0.002554131203272446,0.0025982644004534598
10,10,8,0.01842090602508473,0.03122724556172656,2,0.009647540046700738,0.017032545149800928
20,10,8,,,,,
30,10,8,,,,,
50,10,8,,,,,
75,10,8,,,,,
100,10,8,,,,,
10,20,8,0.01842090602508473,0.03122724556172656,2,0.009647540046700738,0.017032545149800928
20,20,8,0.006257842288790585,0.030422184289818174,4,0.0021706270725334272,0.0058298086039038815
30,20,8,,,,,
50,20,8,,,,,
75,20,8,,,,,
100,20,8,,,,,
10,30,8,0.01842090602508473,0.03122724556172656,2,0.009647540046700738,0.017032545149800928
20,30,8,0.006509451889048766,0.03043307264444155,4,0.002826501757281023,0.006076685071265107
30,30,8,0.003181315797983755,0.03030609540312782,5,0.002235334459709326,0.003124647095490853
50,30,8,,,,,
75,30,8,,,,,
100,30,8,,,,,
10,50,8,0.01842090602508473,0.03122724556172656,2,0.009647540046700738,0.017032545149800928
20,50,8,0.0063288731341392904,0.03043512576725336,4,0.0026660900313163266,0.005901271696564998
30,50,8,0.0028974645654214278,0.030299549956887512,5,0.002543358912121861,0.0028831357631166118
50,50,8,0.0023563254272496582,0.030207474173149576,7,0.002102695522127144,0.002343047569750707
75,50,8,,,,,
100,50,8,,,,,
10,75,8,0.01842090602508473,0.03122724556172656,2,0.009647540046700738,0.017032545149800928
20,75,8,0.006245355459993651,0.03043276207459712,4,0.0023376624208247005,0.0058223006837516906
30,75,8,0.0041558167330545195,0.030334850328621474,5,0.0030426719764504815,0.00404824838637674
50,75,8,0.002421426629795321,0.030247444448093536,8,0.002375132512468418,0.002383909758359953
75,75,8,0.002514315829040595,0.03021986604868513,11,0.002476042097902498,0.002475848657113615
100,75,8,,,,,
10,100,8,0.017766532161106845,0.031107589724342206,2,0.00688468509658562,0.01641634767416475
20,100,8,0.005867616882320431,0.030344294493446337,4,0.002517500770821549,0.005820586195449379
30,100,8,0.004795262433119652,0.030216285221068787,5,0.0020596623881668436,0.004698262653956191
50,100,8,0.0035161116911616845,0.030152291995120054,9,0.0019789990750141463,0.0033456947027487175
75,100,8,0.003717168845298102,0.030135874131185295,12,0.0022732720069951894,0.0034808787288526295
100,100,8,0.00379886792489076,0.03011829944527439,15,0.0018005694954456694,0.003218584148511111
10,10,9,0.01842090602508473,0.03122724556172656,2,0.009647540046700738,0.017032545149800928
20,10,9,,,,,
30,10,9,,,,,
50,10,9,,,,,
75,10,9,,,,,
100,10,9,,,,,
10,20,9,0.01842090602508473,0.03122724556172656,2,0.009647540046700738,0.017032545149800928
20,20,9,0.006257842288790585,0.030422184289818174,4,0.0021706270725334272,0.0058298086039038815
30,20,9,,,,,
50,20,9,,,,,
75,20,9,,,,,
100,20,9,,,,,
10,30,9,0.01842090602508473,0.03122724556172656,2,0.009647540046700738,0.017032545149800928
20,30,9,0.006509451889048766,0.03043307264444155,4,0.002826501757281023,0.006076685071265107
30,30,9,0.003181315797983755,0.03030609540312782,5,0.002235334459709326,0.003124647095490853
50,30,9,,,,,
75,30,9,,,,,
100,30,9,,,,,
10,50,9,0.01842090602508473,0.03122724556172656,2,0.009647540046700738,0.017032545149800928
20,50,9,0.0063288731341392904,0.03043512576725336,4,0.0026660900313163266,0.005901271696564998
30,50,9,0.004390569114436849,0.030348659480570497,5,0.0028959517380865254,0.004210572287078835
50,50,9,0.0025118440772890094,0.030217467478288292,7,0.002288906156999139,0.002370636822070751
75,50,9,,,,,
100,50,9,,,,,
10,75,9,0.01842090602508473,0.03122724556172656,2,0.009647540046700738,0.017032545149800928
20,75,9,0.006245355459993651,0.03043276207459712,4,0.0023376624208247005,0.0058223006837516906
30,75,9,0.0041558167330545195,0.030334850328621474,5,0.0030426719764504815,0.00404824838637674
50,75,9,0.002421426629795321,0.030247444448093536,8,0.002375132512468418,0.002383909758359953
75,75,9,0.002514315829040595,0.03021986604868513,11,0.002476042097902498,0.002475848657113615
100,75,9,,,,,
10,100,9,0.017671055947074972,0.031052237853511088,2,0.007539283083132502,0.016489851533157227
20,100,9,0.004498095918696033,0.030334680435710443,4,0.003399603174984336,0.004450248560283962
30,100,9,0.005648080822440342,0.030250239790143525,5,0.004990112992993606,0.005447311021328374
50,100,9,0.003594809129216894,0.03018078271212337,8,0.002316945491150201,0.003120280492711375
75,100,9,0.004293740160618985,0.030192236560003697,11,0.0026823917463982693,0.004044875771756329
100,100,9,0.0029762644595076005,0.030159052100086257,14,0.0020586050099078166,0.0028609818337580156
