lr,feature_subsample,tree_depth,n_grid,Loss,MC ERR,#Output
0.1,0.1,1.0,10.0,0.17037133931470852,0.059500956835685535,10.0
0.1,0.1,1.0,20.0,0.15042938261941127,0.04888866069947227,18.8
0.1,0.1,1.0,30.0,0.14036383412421666,0.03955879523078218,27.9
0.1,0.1,1.0,50.0,0.13528444642783707,0.033821953050884236,42.5
0.1,0.1,1.0,75.0,0.13484263648783834,0.033750080002193296,54.3
0.1,0.1,1.0,100.0,0.13886614501502434,0.039348642030718015,68.3
0.1,0.1,2.0,10.0,0.1640005571555994,0.05628183685508452,10.0
0.1,0.1,2.0,20.0,0.14185878229098867,0.04373930481757392,20.0
0.1,0.1,2.0,30.0,0.13586933038124846,0.037614846634495706,29.5
0.1,0.1,2.0,50.0,0.13454447470961686,0.037689487428193016,46.2
0.1,0.1,2.0,75.0,0.1364293209842405,0.04049250460987529,65.6
0.1,0.1,2.0,100.0,0.13863559013541052,0.04047910609779789,84.9
0.1,0.2,1.0,10.0,0.16891699189862575,0.05900038961186325,10.0
0.1,0.2,1.0,20.0,0.14834268954847568,0.04893585921646561,19.2
0.1,0.2,1.0,30.0,0.13914944712221358,0.04158583278147191,28.4
0.1,0.2,1.0,50.0,0.1352016335989359,0.035129717494175317,41.8
0.1,0.2,1.0,75.0,0.1345011541763193,0.03509234711072732,55.9
0.1,0.2,1.0,100.0,0.13699515270799742,0.035849232581619955,67.4
0.1,0.2,2.0,10.0,0.16155286284953393,0.05472934170839332,10.0
0.1,0.2,2.0,20.0,0.14178093766352,0.04337075078454164,19.9
0.1,0.2,2.0,30.0,0.1367652431081912,0.04035613679453317,29.7
0.1,0.2,2.0,50.0,0.1356017848491681,0.0375410592763075,46.7
0.1,0.2,2.0,75.0,0.13720759310514236,0.04132490178755863,64.4
0.1,0.2,2.0,100.0,0.13737660790653286,0.04146339112635052,83.5
0.1,0.30000000000000004,1.0,10.0,0.16785871886827503,0.05858496410182266,10.0
0.1,0.30000000000000004,1.0,20.0,0.14676165332981655,0.048322195007296134,19.8
0.1,0.30000000000000004,1.0,30.0,0.13855948759836018,0.04079273275202354,28.5
0.1,0.30000000000000004,1.0,50.0,0.1354678054479012,0.03602230246075876,41.5
0.1,0.30000000000000004,1.0,75.0,0.1350907015660577,0.03695592968693502,54.8
0.1,0.30000000000000004,1.0,100.0,0.13777354085358678,0.037653655863888975,68.3
0.1,0.30000000000000004,2.0,10.0,0.15985825601363604,0.05334460300713726,10.0
0.1,0.30000000000000004,2.0,20.0,0.14108955078000368,0.04292988847670641,20.0
0.1,0.30000000000000004,2.0,30.0,0.13606692335120246,0.038420865304667824,29.4
0.1,0.30000000000000004,2.0,50.0,0.13446679180758633,0.03795182121388734,47.5
0.1,0.30000000000000004,2.0,75.0,0.13774837229231376,0.040599885137176016,64.8
0.1,0.30000000000000004,2.0,100.0,0.14002851875029249,0.04377651448760545,81.2
0.1,0.4,1.0,10.0,0.16820278960675789,0.05862493565554798,10.0
0.1,0.4,1.0,20.0,0.14656186550697758,0.049793274391688125,19.6
0.1,0.4,1.0,30.0,0.13765147163857255,0.03886872455469394,28.5
0.1,0.4,1.0,50.0,0.13548252551301848,0.037265390058551694,41.4
0.1,0.4,1.0,75.0,0.13493673478804186,0.03654914843160252,56.2
0.1,0.4,1.0,100.0,0.1384089727108619,0.03855096906644885,66.0
0.1,0.4,2.0,10.0,0.16025768099048623,0.05329948247916536,10.0
0.1,0.4,2.0,20.0,0.1407673399967952,0.043582275283647526,20.0
0.1,0.4,2.0,30.0,0.13555799064742455,0.03698548982376836,29.7
0.1,0.4,2.0,50.0,0.13631407331084291,0.03950831124705577,45.6
0.1,0.4,2.0,75.0,0.1375226544284976,0.04117969258359581,65.3
0.1,0.4,2.0,100.0,0.14070180570173388,0.043780584743948074,80.6
0.1,0.5,1.0,10.0,0.16811805686135203,0.05800183532358024,10.0
0.1,0.5,1.0,20.0,0.14656391960169543,0.04933290277500098,19.6
0.1,0.5,1.0,30.0,0.13886734928902433,0.041573894256244394,27.5
0.1,0.5,1.0,50.0,0.13591336902305623,0.037787642532711094,40.7
0.1,0.5,1.0,75.0,0.1362459690424994,0.03725809435484674,54.8
0.1,0.5,1.0,100.0,0.13777299177525457,0.03879301049080461,65.4
0.1,0.5,2.0,10.0,0.16185708469644305,0.05474541895860565,10.0
0.1,0.5,2.0,20.0,0.1403613289486932,0.04422806385947612,20.0
0.1,0.5,2.0,30.0,0.13638884040700833,0.04062389799046788,28.6
0.1,0.5,2.0,50.0,0.13683414156488544,0.04187225353770409,46.4
0.1,0.5,2.0,75.0,0.14013318099214064,0.04305985057433778,64.0
0.1,0.5,2.0,100.0,0.14346571001391117,0.047546705670394755,80.2
0.1,0.6,1.0,10.0,0.167966442187839,0.05813511661412788,10.0
0.1,0.6,1.0,20.0,0.14714564322472415,0.04835860262284315,19.1
0.1,0.6,1.0,30.0,0.13882182417290495,0.04190083131378027,28.4
0.1,0.6,1.0,50.0,0.13622216380005928,0.037339873636713,38.9
0.1,0.6,1.0,75.0,0.13646798932295692,0.03883189003231761,53.4
0.1,0.6,1.0,100.0,0.1392452224651831,0.04049161887805963,66.7
0.1,0.6,2.0,10.0,0.16149483471806847,0.054724019730880855,10.0
0.1,0.6,2.0,20.0,0.1416923451727126,0.04432939130502617,19.9
0.1,0.6,2.0,30.0,0.13695819747928886,0.040322271641597816,29.6
0.1,0.6,2.0,50.0,0.13792137526251827,0.041593397301999895,45.6
0.1,0.6,2.0,75.0,0.14256628401306443,0.046240987924277534,64.2
0.1,0.6,2.0,100.0,0.14411100649471276,0.048995698280886395,80.5
0.1,0.7000000000000001,1.0,10.0,0.16852017785302947,0.05870482983994394,10.0
0.1,0.7000000000000001,1.0,20.0,0.14773003758566855,0.05128705939117054,19.5
0.1,0.7000000000000001,1.0,30.0,0.13941967801854854,0.04216710815587508,27.5
0.1,0.7000000000000001,1.0,50.0,0.13633924812213463,0.03667596013267365,39.9
0.1,0.7000000000000001,1.0,75.0,0.13641031318034363,0.038431010457243876,52.1
0.1,0.7000000000000001,1.0,100.0,0.14136761581930518,0.042355959005316295,66.9
0.1,0.7000000000000001,2.0,10.0,0.16236238469403236,0.055229943674674674,10.0
0.1,0.7000000000000001,2.0,20.0,0.14182724765984722,0.04574053002102997,19.9
0.1,0.7000000000000001,2.0,30.0,0.13660075406104683,0.040892931658510545,29.6
0.1,0.7000000000000001,2.0,50.0,0.13815199693131913,0.042383762579960835,45.5
0.1,0.7000000000000001,2.0,75.0,0.14207447185175417,0.04539337780368102,63.6
0.1,0.7000000000000001,2.0,100.0,0.1449174016043926,0.04809359848919934,77.5
0.1,0.8,1.0,10.0,0.16834986563885707,0.058137765549377864,10.0
0.1,0.8,1.0,20.0,0.14969397675658583,0.05234822455398504,18.8
0.1,0.8,1.0,30.0,0.1396204076732148,0.043279860552750245,27.7
0.1,0.8,1.0,50.0,0.1379221140318411,0.0401011422469721,38.5
0.1,0.8,1.0,75.0,0.13917757359610922,0.04189926780858279,52.2
0.1,0.8,1.0,100.0,0.14103614022765526,0.04259386997670128,65.9
0.1,0.8,2.0,10.0,0.16316869449183125,0.05453764912668824,10.0
0.1,0.8,2.0,20.0,0.1420055080978291,0.044454263856923616,20.0
0.1,0.8,2.0,30.0,0.13813231146386132,0.04132113175805832,29.1
0.1,0.8,2.0,50.0,0.1397075279846963,0.04471707435878893,45.3
0.1,0.8,2.0,75.0,0.14260712091147826,0.04599465249741562,62.1
0.1,0.8,2.0,100.0,0.1480277652459128,0.050200767205671105,78.1
0.1,0.9,1.0,10.0,0.16955079787120897,0.05926939550957294,10.0
0.1,0.9,1.0,20.0,0.15111920580865557,0.05442118159103469,19.2
0.1,0.9,1.0,30.0,0.13981081279864924,0.04473211803265989,26.7
0.1,0.9,1.0,50.0,0.1386573603785652,0.04085442533845537,38.7
0.1,0.9,1.0,75.0,0.13950836966291622,0.04156941023375769,51.2
0.1,0.9,1.0,100.0,0.14205277576507858,0.04350020111629649,62.7
0.1,0.9,2.0,10.0,0.16387961383402178,0.0549929483443448,10.0
0.1,0.9,2.0,20.0,0.14273312363777654,0.046024040540904795,19.9
0.1,0.9,2.0,30.0,0.13718313580551533,0.04230852189980283,29.3
0.1,0.9,2.0,50.0,0.14051552449059757,0.043511567324504494,45.1
0.1,0.9,2.0,75.0,0.14324372106516442,0.04606955194517596,61.7
0.1,0.9,2.0,100.0,0.1486650507523515,0.051941338244073564,76.6
0.1,1.0,1.0,10.0,0.16934889355903165,0.05924538279808711,10.0
0.1,1.0,1.0,20.0,0.15310230051801715,0.05456888809241234,19.1
0.1,1.0,1.0,30.0,0.1425571329419804,0.045667197966313605,27.4
0.1,1.0,1.0,50.0,0.14125591994202974,0.04349581509354229,37.5
0.1,1.0,1.0,75.0,0.14450307530038048,0.047176939468237165,50.2
0.1,1.0,1.0,100.0,0.1483750025808684,0.04864458457236287,62.1
0.1,1.0,2.0,10.0,0.16567529173030207,0.05651604428032795,10.0
0.1,1.0,2.0,20.0,0.14533057137873678,0.04844732280991353,20.0
0.1,1.0,2.0,30.0,0.1407882099534861,0.04554055142191204,29.3
0.1,1.0,2.0,50.0,0.1433484457755297,0.04834290714971446,43.8
0.1,1.0,2.0,75.0,0.14972569627716825,0.05300099628137519,60.7
0.1,1.0,2.0,100.0,0.15494703562023798,0.0587121656392825,78.9
0.3,0.1,1.0,10.0,0.14408096808089746,0.030964330484451696,9.2
0.3,0.1,1.0,20.0,0.13463562197510173,0.026161235675825935,17.7
0.3,0.1,1.0,30.0,0.13337665984264896,0.022854611316966096,23.1
0.3,0.1,1.0,50.0,0.13546822214753776,0.027914827585228917,37.1
0.3,0.1,1.0,75.0,0.1366634451202286,0.029225356795601388,51.0
0.3,0.1,1.0,100.0,0.1393193121149082,0.033186187639058465,60.4
0.3,0.1,2.0,10.0,0.13568406398851937,0.027594587408481953,10.0
0.3,0.1,2.0,20.0,0.13185363959165558,0.022740769141322406,19.0
0.3,0.1,2.0,30.0,0.13436239889038415,0.02779343965471196,27.6
0.3,0.1,2.0,50.0,0.13682323001067798,0.032306429552928353,44.2
0.3,0.1,2.0,75.0,0.14059920604673198,0.03727618624226982,61.2
0.3,0.1,2.0,100.0,0.14531303306064047,0.0441178920473802,77.4
0.3,0.2,1.0,10.0,0.1397851123599489,0.0284932230933835,9.7
0.3,0.2,1.0,20.0,0.13396264097284558,0.025795612062865424,17.5
0.3,0.2,1.0,30.0,0.13293676595131862,0.025221729092011737,24.1
0.3,0.2,1.0,50.0,0.13383238280234094,0.02548798258339253,37.2
0.3,0.2,1.0,75.0,0.1366860940271174,0.030313840923024426,50.2
0.3,0.2,1.0,100.0,0.1402827393663259,0.034930403657742824,63.2
0.3,0.2,2.0,10.0,0.13454367977946338,0.024827631670374835,10.0
0.3,0.2,2.0,20.0,0.13266212589816348,0.025738834730831057,19.4
0.3,0.2,2.0,30.0,0.13176764903530197,0.024441374345506438,28.0
0.3,0.2,2.0,50.0,0.1368242448308184,0.032035550540351586,42.9
0.3,0.2,2.0,75.0,0.140830166457818,0.03749941604307501,61.2
0.3,0.2,2.0,100.0,0.14545103367891443,0.04263569819580283,75.4
0.3,0.30000000000000004,1.0,10.0,0.1390918474338085,0.02754136054306004,9.8
0.3,0.30000000000000004,1.0,20.0,0.13237145109325305,0.024872824696641597,17.7
0.3,0.30000000000000004,1.0,30.0,0.1339844069068324,0.02517162538458958,23.4
0.3,0.30000000000000004,1.0,50.0,0.1347347517218788,0.02694893276837839,37.1
0.3,0.30000000000000004,1.0,75.0,0.1386456787297842,0.031404911591077014,49.5
0.3,0.30000000000000004,1.0,100.0,0.140605125529468,0.034730348849741,61.3
0.3,0.30000000000000004,2.0,10.0,0.13483506464224485,0.025027435552738307,10.0
0.3,0.30000000000000004,2.0,20.0,0.13256715213935558,0.027482979917440597,19.6
0.3,0.30000000000000004,2.0,30.0,0.1327377067235403,0.027980697609671572,27.7
0.3,0.30000000000000004,2.0,50.0,0.13761108058690646,0.032706398639230035,42.2
0.3,0.30000000000000004,2.0,75.0,0.14215214311561236,0.03812092999181782,59.1
0.3,0.30000000000000004,2.0,100.0,0.145612012405185,0.0428452106456567,75.1
0.3,0.4,1.0,10.0,0.1379835727726893,0.02769039222109248,9.8
0.3,0.4,1.0,20.0,0.13331138240953844,0.024924122292038015,17.2
0.3,0.4,1.0,30.0,0.13235076629574954,0.02513424131686685,23.8
0.3,0.4,1.0,50.0,0.13450533213649105,0.026850304031968718,35.9
0.3,0.4,1.0,75.0,0.13929854947948547,0.031136191574173737,47.3
0.3,0.4,1.0,100.0,0.1426893959902948,0.03639734429351564,59.4
0.3,0.4,2.0,10.0,0.13379534408506086,0.024123531422072603,10.0
0.3,0.4,2.0,20.0,0.1334407194028835,0.026156506092692884,19.4
0.3,0.4,2.0,30.0,0.13428631288916873,0.029837476076153613,27.9
0.3,0.4,2.0,50.0,0.13762302076748217,0.03227684996504483,41.3
0.3,0.4,2.0,75.0,0.14306340805908457,0.038792194622056415,58.6
0.3,0.4,2.0,100.0,0.14672682712861376,0.04466402482171446,74.7
0.3,0.5,1.0,10.0,0.1371618261203734,0.026738646306167534,10.0
0.3,0.5,1.0,20.0,0.1338938722101451,0.027149854329832145,17.1
0.3,0.5,1.0,30.0,0.13369435656414252,0.025129374300128522,24.0
0.3,0.5,1.0,50.0,0.13739077061610433,0.031105359201575755,34.4
0.3,0.5,1.0,75.0,0.14005541181032477,0.033518210957157145,45.5
0.3,0.5,1.0,100.0,0.14272217515729826,0.03467010858082017,57.0
0.3,0.5,2.0,10.0,0.13372999621378096,0.025006289803159092,10.0
0.3,0.5,2.0,20.0,0.13346943525069166,0.02926507326404697,19.0
0.3,0.5,2.0,30.0,0.13473819299191817,0.030049511431214447,27.4
0.3,0.5,2.0,50.0,0.14025049657893132,0.034817110519307574,40.8
0.3,0.5,2.0,75.0,0.14295294786756144,0.03930477593004619,58.4
0.3,0.5,2.0,100.0,0.14728592172878477,0.043967445642232074,73.6
0.3,0.6,1.0,10.0,0.1386520154171435,0.027561421477079195,9.5
0.3,0.6,1.0,20.0,0.13429609774826326,0.027768683111903357,17.1
0.3,0.6,1.0,30.0,0.13429474898849023,0.025664243202886055,23.5
0.3,0.6,1.0,50.0,0.13646963484115604,0.026091293823358,33.8
0.3,0.6,1.0,75.0,0.1396294028964024,0.03129158112222398,45.6
0.3,0.6,1.0,100.0,0.1432897115553419,0.03861586847639427,57.8
0.3,0.6,2.0,10.0,0.13433448125254363,0.02602091744199067,10.0
0.3,0.6,2.0,20.0,0.13430646507532024,0.028759397657932857,18.8
0.3,0.6,2.0,30.0,0.13512313017424327,0.030354259047338156,25.3
0.3,0.6,2.0,50.0,0.13897395647407998,0.03555327203061874,41.2
0.3,0.6,2.0,75.0,0.14423805851638513,0.04199783675014786,58.6
0.3,0.6,2.0,100.0,0.148237193532514,0.043249419233708966,74.9
0.3,0.7000000000000001,1.0,10.0,0.13726630775579313,0.027355035316773198,9.8
0.3,0.7000000000000001,1.0,20.0,0.13366275175874837,0.026145521094344933,17.9
0.3,0.7000000000000001,1.0,30.0,0.13427766803572438,0.0259755105841602,22.3
0.3,0.7000000000000001,1.0,50.0,0.13774466918797654,0.030265868795457663,32.9
0.3,0.7000000000000001,1.0,75.0,0.14196587476359765,0.03489378379413181,46.4
0.3,0.7000000000000001,1.0,100.0,0.14490071306132116,0.037266905290638405,56.7
0.3,0.7000000000000001,2.0,10.0,0.134642761869513,0.02431102193879932,10.0
0.3,0.7000000000000001,2.0,20.0,0.1342642541928476,0.029818307397024076,19.0
0.3,0.7000000000000001,2.0,30.0,0.1358864513548062,0.03140942747263503,26.8
0.3,0.7000000000000001,2.0,50.0,0.14078847493083413,0.03481579697074117,41.1
0.3,0.7000000000000001,2.0,75.0,0.1450565319097276,0.04084964205813385,57.2
0.3,0.7000000000000001,2.0,100.0,0.14882025045484262,0.04455422812182266,75.0
0.3,0.8,1.0,10.0,0.139453446664653,0.028859480224450458,9.7
0.3,0.8,1.0,20.0,0.13498617788989903,0.026849403138733068,16.8
0.3,0.8,1.0,30.0,0.13649775536928554,0.028816804312980903,22.4
0.3,0.8,1.0,50.0,0.13916695235461699,0.02988764253271108,33.9
0.3,0.8,1.0,75.0,0.14345195566893731,0.03535017775376532,43.8
0.3,0.8,1.0,100.0,0.1466495409400884,0.03821787123735622,54.0
0.3,0.8,2.0,10.0,0.1345821162837197,0.024608189790254736,10.0
0.3,0.8,2.0,20.0,0.13373993723668406,0.028029715437988982,19.2
0.3,0.8,2.0,30.0,0.1363457926724451,0.032669016391350426,26.9
0.3,0.8,2.0,50.0,0.14051249507862432,0.03581368455832409,40.8
0.3,0.8,2.0,75.0,0.14554683422206277,0.04085436348742444,56.3
0.3,0.8,2.0,100.0,0.151052668650532,0.0472255721870307,72.8
0.3,0.9,1.0,10.0,0.14004986053384266,0.02876646331692635,9.8
0.3,0.9,1.0,20.0,0.1362667479569307,0.028715310540862106,17.4
0.3,0.9,1.0,30.0,0.13679978090979866,0.029616887104024624,21.8
0.3,0.9,1.0,50.0,0.13981883870565195,0.03201515544059818,33.2
0.3,0.9,1.0,75.0,0.14376456509799346,0.03636818692104768,42.8
0.3,0.9,1.0,100.0,0.14926002642553982,0.04127435531467451,57.1
0.3,0.9,2.0,10.0,0.134575729201675,0.025397772795661806,10.0
0.3,0.9,2.0,20.0,0.13492676814300847,0.028395153462405127,19.0
0.3,0.9,2.0,30.0,0.13670232046538824,0.03311108310443491,27.3
0.3,0.9,2.0,50.0,0.1427289522099749,0.03785198641782558,40.3
0.3,0.9,2.0,75.0,0.14702406241226743,0.04357995851703117,57.8
0.3,0.9,2.0,100.0,0.15235381929667083,0.04833881895491847,72.9
0.3,1.0,1.0,10.0,0.14047932313181288,0.02916458389169426,9.8
0.3,1.0,1.0,20.0,0.13711848235012175,0.03028253932633665,15.7
0.3,1.0,1.0,30.0,0.13904653954865684,0.03192826261233988,21.4
0.3,1.0,1.0,50.0,0.1431377941686555,0.03583963710437909,32.9
0.3,1.0,1.0,75.0,0.1477932649923165,0.039956216985801,45.4
0.3,1.0,1.0,100.0,0.15246006128144368,0.04526373149609537,61.3
0.3,1.0,2.0,10.0,0.1349091415209256,0.02512741087850202,9.9
0.3,1.0,2.0,20.0,0.13541806848944044,0.02946963030478355,18.3
0.3,1.0,2.0,30.0,0.13996466628883258,0.035310013107597196,26.7
0.3,1.0,2.0,50.0,0.14402485889031166,0.04048018141235895,39.8
0.3,1.0,2.0,75.0,0.15170495005830587,0.049339974295307135,58.4
0.3,1.0,2.0,100.0,0.15616482776674054,0.05402785522746384,76.2
1.0,0.1,1.0,10.0,0.1406993035909522,0.023633428059711636,8.2
1.0,0.1,1.0,20.0,0.13654256642545476,0.021311402865047506,15.1
1.0,0.1,1.0,30.0,0.1383114670598158,0.026723871425485456,21.7
1.0,0.1,1.0,50.0,0.14181124438412965,0.03196836585652923,31.0
1.0,0.1,1.0,75.0,0.14775035611351472,0.03661452778380453,39.3
1.0,0.1,1.0,100.0,0.15177899482124652,0.04154751141183427,45.0
1.0,0.1,2.0,10.0,0.1370737868855016,0.0222581265447986,9.7
1.0,0.1,2.0,20.0,0.13845822254743054,0.025686149564159398,18.6
1.0,0.1,2.0,30.0,0.14251717976000444,0.03309212813869762,26.2
1.0,0.1,2.0,50.0,0.15095661625464946,0.0433641322397258,37.4
1.0,0.1,2.0,75.0,0.16158345829116577,0.054951303031291324,46.9
1.0,0.1,2.0,100.0,0.16603026994181702,0.05640174311425723,56.0
1.0,0.2,1.0,10.0,0.13531309067498215,0.0221873855803196,8.7
1.0,0.2,1.0,20.0,0.13531169303548413,0.02213157040169375,15.3
1.0,0.2,1.0,30.0,0.1369190795501474,0.027463396692234278,21.7
1.0,0.2,1.0,50.0,0.1407768110222933,0.0289039075340086,31.4
1.0,0.2,1.0,75.0,0.14899097944585699,0.03856883913390595,39.3
1.0,0.2,1.0,100.0,0.153261555168898,0.04082353620802367,45.2
1.0,0.2,2.0,10.0,0.1361451454858201,0.022388455789866268,9.7
1.0,0.2,2.0,20.0,0.13873205842688982,0.030287944969362872,18.8
1.0,0.2,2.0,30.0,0.1424806427937916,0.032542405416609396,26.4
1.0,0.2,2.0,50.0,0.150242193437504,0.0412655271849107,35.0
1.0,0.2,2.0,75.0,0.16178772307439723,0.052974842063616946,47.6
1.0,0.2,2.0,100.0,0.16513575527979024,0.05714513293599296,55.7
1.0,0.30000000000000004,1.0,10.0,0.1343321611653046,0.01868846366009675,8.5
1.0,0.30000000000000004,1.0,20.0,0.1351385176527144,0.02287370141196191,15.0
1.0,0.30000000000000004,1.0,30.0,0.13694647685466826,0.02449123816452043,19.5
1.0,0.30000000000000004,1.0,50.0,0.14325396338286617,0.03183924571994171,28.2
1.0,0.30000000000000004,1.0,75.0,0.15084762705159738,0.03915547415893707,35.6
1.0,0.30000000000000004,1.0,100.0,0.15511868311190333,0.04211321067827207,45.3
1.0,0.30000000000000004,2.0,10.0,0.1345179597242725,0.021835842944231902,9.7
1.0,0.30000000000000004,2.0,20.0,0.13831241457963755,0.02805020870291513,17.5
1.0,0.30000000000000004,2.0,30.0,0.14349581541654474,0.03506542371383185,24.3
1.0,0.30000000000000004,2.0,50.0,0.15238846529937364,0.04462117524521792,34.8
1.0,0.30000000000000004,2.0,75.0,0.16160682794289508,0.053297764570916395,44.7
1.0,0.30000000000000004,2.0,100.0,0.1649989689600944,0.057057875938223576,58.3
1.0,0.4,1.0,10.0,0.1352264574461598,0.02159614621044851,9.2
1.0,0.4,1.0,20.0,0.13548659128971102,0.022410893214443228,15.8
1.0,0.4,1.0,30.0,0.13824317858994775,0.027531926311007905,20.3
1.0,0.4,1.0,50.0,0.14395531766944747,0.03199250449170364,28.7
1.0,0.4,1.0,75.0,0.1513079770469729,0.038630932038550427,34.9
1.0,0.4,1.0,100.0,0.15212675266488843,0.04060135180072293,45.7
1.0,0.4,2.0,10.0,0.13497991559709524,0.0203435841313463,9.2
1.0,0.4,2.0,20.0,0.13850417040679877,0.028313125630150225,17.9
1.0,0.4,2.0,30.0,0.14438169483641974,0.03693370536125782,23.9
1.0,0.4,2.0,50.0,0.15297876674763786,0.04594228603962908,34.6
1.0,0.4,2.0,75.0,0.16346576836816482,0.05216837221416286,43.3
1.0,0.4,2.0,100.0,0.16696288589583788,0.05615939882783192,61.1
1.0,0.5,1.0,10.0,0.13471622543743592,0.01983087051840001,8.9
1.0,0.5,1.0,20.0,0.13561734006769816,0.023046272524103482,15.2
1.0,0.5,1.0,30.0,0.14037431207173617,0.026525228933898116,19.3
1.0,0.5,1.0,50.0,0.14436081792540723,0.03194562925683751,27.7
1.0,0.5,1.0,75.0,0.15296471148963847,0.03907488020941905,37.5
1.0,0.5,1.0,100.0,0.15508580646039571,0.0407733810368568,50.0
1.0,0.5,2.0,10.0,0.13479978885093216,0.021815905026879266,9.8
1.0,0.5,2.0,20.0,0.13854398218066363,0.02685312625409641,17.6
1.0,0.5,2.0,30.0,0.14464397913183558,0.03656298973277618,24.1
1.0,0.5,2.0,50.0,0.1522648984882067,0.0417356710754138,33.1
1.0,0.5,2.0,75.0,0.16248318842056686,0.051062081134750116,44.5
1.0,0.5,2.0,100.0,0.16760397968629687,0.05821110145648891,60.4
1.0,0.6,1.0,10.0,0.13454320302784076,0.0208624776478362,8.6
1.0,0.6,1.0,20.0,0.13499580059388336,0.021196290817071712,15.1
1.0,0.6,1.0,30.0,0.13912467738751202,0.026393429870101005,19.0
1.0,0.6,1.0,50.0,0.1450727292683238,0.030727651806820588,27.2
1.0,0.6,1.0,75.0,0.1533266965877233,0.041035106380464446,38.4
1.0,0.6,1.0,100.0,0.15737678778596945,0.04322538443594555,51.3
1.0,0.6,2.0,10.0,0.13671547542573692,0.0236346479454444,9.6
1.0,0.6,2.0,20.0,0.1406877462283161,0.02953145841044035,17.4
1.0,0.6,2.0,30.0,0.14538156446947792,0.03699585820255284,22.4
1.0,0.6,2.0,50.0,0.1543753707842862,0.04542118290273952,32.3
1.0,0.6,2.0,75.0,0.16411496351001884,0.05575764213565437,47.8
1.0,0.6,2.0,100.0,0.16693630870731108,0.05606726150719875,64.1
1.0,0.7000000000000001,1.0,10.0,0.13468959413717457,0.021744157949145526,9.2
1.0,0.7000000000000001,1.0,20.0,0.1367046429042427,0.021557579421970546,14.1
1.0,0.7000000000000001,1.0,30.0,0.13913281963338117,0.02463395640506777,18.3
1.0,0.7000000000000001,1.0,50.0,0.1452387023507173,0.033879887306807105,27.1
1.0,0.7000000000000001,1.0,75.0,0.15360160555854135,0.040249527762533654,39.2
1.0,0.7000000000000001,1.0,100.0,0.15679420416796067,0.04261710796680039,53.4
1.0,0.7000000000000001,2.0,10.0,0.1351224183871274,0.0200594659729519,9.3
1.0,0.7000000000000001,2.0,20.0,0.1414079446786606,0.027724976034793524,16.7
1.0,0.7000000000000001,2.0,30.0,0.145387584006242,0.0364691934833546,23.4
1.0,0.7000000000000001,2.0,50.0,0.15647176559475545,0.04728901719964433,33.3
1.0,0.7000000000000001,2.0,75.0,0.16352425267111212,0.05113717046068498,44.2
1.0,0.7000000000000001,2.0,100.0,0.16878356638433104,0.05794509932798155,64.7
1.0,0.8,1.0,10.0,0.13449402982746467,0.022530630795432202,8.9
1.0,0.8,1.0,20.0,0.13741789357179424,0.02287446096011139,14.1
1.0,0.8,1.0,30.0,0.14046049776096275,0.026810662106187134,19.6
1.0,0.8,1.0,50.0,0.14692280160921398,0.032471799971355186,26.5
1.0,0.8,1.0,75.0,0.15472968405853688,0.04178003547039637,38.5
1.0,0.8,1.0,100.0,0.15862464045099967,0.04373818380604348,58.2
1.0,0.8,2.0,10.0,0.13483288962249834,0.02338300583247895,9.6
1.0,0.8,2.0,20.0,0.1416340011330296,0.02906215744998858,16.8
1.0,0.8,2.0,30.0,0.1463621921057885,0.036489635639050916,22.7
1.0,0.8,2.0,50.0,0.15448165408706033,0.04310313249355846,34.7
1.0,0.8,2.0,75.0,0.16363836177314797,0.05389842037619228,47.4
1.0,0.8,2.0,100.0,0.1672477077648687,0.05666503143129007,70.0
1.0,0.9,1.0,10.0,0.13555611460190103,0.02096394760837169,8.9
1.0,0.9,1.0,20.0,0.13782280253946105,0.02173264720521732,14.3
1.0,0.9,1.0,30.0,0.14223859162421545,0.03018818170258846,20.0
1.0,0.9,1.0,50.0,0.14905989911357095,0.03477480257065835,28.1
1.0,0.9,1.0,75.0,0.15420293687192763,0.041378414722861544,42.3
1.0,0.9,1.0,100.0,0.15888144777499366,0.0453526326275651,60.7
1.0,0.9,2.0,10.0,0.13633047197276188,0.024206961183455777,9.6
1.0,0.9,2.0,20.0,0.14141532727396486,0.027369197654813125,15.9
1.0,0.9,2.0,30.0,0.14732599172388933,0.037290215105454015,23.9
1.0,0.9,2.0,50.0,0.15690600796098636,0.04506614021205662,34.8
1.0,0.9,2.0,75.0,0.16327309211131893,0.05370104369183296,50.7
1.0,0.9,2.0,100.0,0.16536465567528708,0.05599194145115708,71.3
1.0,1.0,1.0,10.0,0.13394202759827506,0.020233004556225356,9.0
1.0,1.0,1.0,20.0,0.13992517502400065,0.023402238619717557,14.8
1.0,1.0,1.0,30.0,0.14371856276197664,0.030059011484864322,20.6
1.0,1.0,1.0,50.0,0.15072747760954863,0.03746326467088964,29.5
1.0,1.0,1.0,75.0,0.1579696029039339,0.045374286751495005,48.9
1.0,1.0,1.0,100.0,0.16163453547488688,0.048613267542460245,68.4
1.0,1.0,2.0,10.0,0.13588797811650494,0.021813358191917362,9.6
1.0,1.0,2.0,20.0,0.14266782880192402,0.028133985357117024,17.8
1.0,1.0,2.0,30.0,0.14796080968679634,0.03803924834335193,23.3
1.0,1.0,2.0,50.0,0.15754866972116693,0.04712579585047413,36.1
1.0,1.0,2.0,75.0,0.16491737652301566,0.054440460453391445,53.7
1.0,1.0,2.0,100.0,0.16695848888454018,0.0565571692127926,76.1
